date,year,month,segment_label,passengers,commercial_units,direct_flights,destinations,passengers_yoy_pct,direct_flights_yoy_pct
1990-01-01,1990,1,International,2557855,3241704,49291,76,,
1990-01-01,1990,1,National,1824620,1965521,33422,2,,
1990-02-01,1990,2,International,2506289,3198239,45803,71,,
1990-02-01,1990,2,National,1701885,1846196,30584,2,,
1990-03-01,1990,3,International,2974629,3797371,52264,73,,
1990-03-01,1990,3,National,1943040,2109471,35007,2,,
1990-04-01,1990,4,International,3392770,4130331,54945,77,,
1990-04-01,1990,4,National,2063350,2215147,34527,2,,
1990-05-01,1990,5,International,3442745,4151934,58273,77,,
1990-05-01,1990,5,National,2042480,2193331,34924,2,,
1990-06-01,1990,6,International,3604309,4341781,57693,81,,
1990-06-01,1990,6,National,2344922,2497408,37510,2,,
1990-07-01,1990,7,International,3895321,4597972,57894,81,,
1990-07-01,1990,7,National,2134354,2277841,38216,2,,
1990-08-01,1990,8,International,3964247,4602961,59078,82,,
1990-08-01,1990,8,National,2031777,2174527,35669,2,,
1990-09-01,1990,9,International,3864766,4561752,57951,81,,
1990-09-01,1990,9,National,2227868,2373984,37364,2,,
1990-10-01,1990,10,International,3247783,4009135,55204,77,,
1990-10-01,1990,10,National,2113567,2272000,37986,2,,
1990-11-01,1990,11,International,2486782,3254476,48298,73,,
1990-11-01,1990,11,National,1802205,1954209,33827,2,,
1990-12-01,1990,12,International,2464389,3238110,44822,77,,
1990-12-01,1990,12,National,1803079,1966545,30517,2,,
1991-01-01,1991,1,International,2264445,2884614,49305,70,-11.47,0.03
1991-01-01,1991,1,National,1757136,1887806,34932,2,-3.7,4.52
1991-02-01,1991,2,International,1787903,2410893,40735,64,-28.66,-11.06
1991-02-01,1991,2,National,1507303,1632426,30342,2,-11.43,-0.79
1991-03-01,1991,3,International,2415540,3187276,47396,68,-18.8,-9.31
1991-03-01,1991,3,National,1852724,2021522,34342,2,-4.65,-1.9
1991-04-01,1991,4,International,2772432,3496826,52172,74,-18.28,-5.05
1991-04-01,1991,4,National,2015589,2179440,36003,2,-2.31,4.27
1991-05-01,1991,5,International,3362468,4066189,57878,72,-2.33,-0.68
1991-05-01,1991,5,National,2098534,2249938,35644,2,2.74,2.06
1991-06-01,1991,6,International,3351893,4036623,54161,74,-7.0,-6.12
1991-06-01,1991,6,National,2121896,2275308,35563,2,-9.51,-5.19
1991-07-01,1991,7,International,3763337,4466242,59454,79,-3.39,2.69
1991-07-01,1991,7,National,2236374,2410838,40234,2,4.78,5.28
1991-08-01,1991,8,International,3979397,4614196,58182,80,0.38,-1.52
1991-08-01,1991,8,National,2010687,2156878,35085,2,-1.04,-1.64
1991-09-01,1991,9,International,3804956,4515860,57548,78,-1.55,-0.7
1991-09-01,1991,9,National,2212434,2367894,37622,2,-0.69,0.69
1991-10-01,1991,10,International,3250461,4002710,54864,72,0.08,-0.62
1991-10-01,1991,10,National,2091794,2259938,37953,2,-1.03,-0.09
1991-11-01,1991,11,International,2527745,3273517,47665,73,1.65,-1.31
1991-11-01,1991,11,National,1857944,2014124,32395,2,3.09,-4.23
1991-12-01,1991,12,International,2580146,3339687,48096,72,4.7,7.3
1991-12-01,1991,12,National,1949336,2125524,33104,2,8.11,8.48
1992-01-01,1992,1,International,2664649,3305312,51703,69,17.67,4.86
1992-01-01,1992,1,National,1870044,2029348,34531,2,6.43,-1.15
1992-02-01,1992,2,International,2605202,3324131,48831,70,45.71,19.87
1992-02-01,1992,2,National,1732211,1895892,32625,2,14.92,7.52
1992-03-01,1992,3,International,2970194,3780934,53670,74,22.96,13.24
1992-03-01,1992,3,National,1928886,2109741,34636,2,4.11,0.86
1992-04-01,1992,4,International,3488379,4234557,57864,76,25.82,10.91
1992-04-01,1992,4,National,2074409,2251240,35574,2,2.92,-1.19
1992-05-01,1992,5,International,3893948,4641844,61825,76,15.81,6.82
1992-05-01,1992,5,National,2096944,2249838,34879,2,-0.08,-2.15
1992-06-01,1992,6,International,3688795,4422753,59072,73,10.05,9.07
1992-06-01,1992,6,National,2290323,2457593,37250,2,7.94,4.74
1992-07-01,1992,7,International,4216909,5004507,63498,79,12.05,6.8
1992-07-01,1992,7,National,2284173,2482569,39187,2,2.14,-2.6
1992-08-01,1992,8,International,4527829,5219067,62888,82,13.78,8.09
1992-08-01,1992,8,National,2089451,2236027,34775,2,3.92,-0.88
1992-09-01,1992,9,International,4161851,4904964,61300,76,9.38,6.52
1992-09-01,1992,9,National,2221936,2385535,37230,2,0.43,-1.04
1992-10-01,1992,10,International,3529513,4343733,58220,76,8.58,6.12
1992-10-01,1992,10,National,2145735,2316364,36291,2,2.58,-4.38
1992-11-01,1992,11,International,2630284,3425283,51988,70,4.06,9.07
1992-11-01,1992,11,National,1841678,2008652,32426,2,-0.88,0.1
1992-12-01,1992,12,International,2692709,3524081,52700,75,4.36,9.57
1992-12-01,1992,12,National,2038956,2237011,33946,2,4.6,2.54
1993-01-01,1993,1,International,2829661,3523873,55232,72,6.19,6.83
1993-01-01,1993,1,National,1895772,2066406,34437,2,1.38,-0.27
1993-02-01,1993,2,International,2670865,3409002,50765,71,2.52,3.96
1993-02-01,1993,2,National,1807709,1984076,31251,2,4.36,-4.21
1993-03-01,1993,3,International,3033361,3935902,56796,75,2.13,5.82
1993-03-01,1993,3,National,1977202,2195040,35954,2,2.5,3.81
1993-04-01,1993,4,International,3703760,4502707,59897,78,6.17,3.51
1993-04-01,1993,4,National,2177463,2389598,36079,2,4.97,1.42
1993-05-01,1993,5,International,3967592,4786483,64893,76,1.89,4.96
1993-05-01,1993,5,National,2167307,2349641,35486,2,3.36,1.74
1993-06-01,1993,6,International,3800741,4581519,61345,78,3.03,3.85
1993-06-01,1993,6,National,2323842,2534165,37199,2,1.46,-0.14
1993-07-01,1993,7,International,4438876,5250675,65680,82,5.26,3.44
1993-07-01,1993,7,National,2352512,2562357,38646,2,2.99,-1.38
1993-08-01,1993,8,International,4663412,5408610,65436,83,2.99,4.05
1993-08-01,1993,8,National,2165520,2352424,35246,2,3.64,1.35
1993-09-01,1993,9,International,4200382,5000485,63247,77,0.93,3.18
1993-09-01,1993,9,National,2242879,2454914,36962,2,0.94,-0.72
1993-10-01,1993,10,International,3421754,3997041,55430,69,-3.05,-4.79
1993-10-01,1993,10,National,1968760,2142258,34717,2,-8.25,-4.34
1993-11-01,1993,11,International,2738705,3548587,53668,74,4.12,3.23
1993-11-01,1993,11,National,1823993,2015462,32390,2,-0.96,-0.11
1993-12-01,1993,12,International,2875714,3799747,56112,80,6.8,6.47
1993-12-01,1993,12,National,2066006,2301658,35220,2,1.33,3.75
1994-01-01,1994,1,International,3007167,3837856,57114,77,6.27,3.41
1994-01-01,1994,1,National,1980027,2192268,34851,2,4.44,1.2
1994-02-01,1994,2,International,2829489,3688921,52895,75,5.94,4.2
1994-02-01,1994,2,National,1901769,2108505,32772,2,5.2,4.87
1994-03-01,1994,3,International,3507437,4552235,59975,79,15.63,5.6
1994-03-01,1994,3,National,2127467,2385399,37295,2,7.6,3.73
1994-04-01,1994,4,International,3931697,4883901,63181,81,6.15,5.48
1994-04-01,1994,4,National,2247557,2477046,36488,2,3.22,1.13
1994-05-01,1994,5,International,4187219,5144960,67587,81,5.54,4.15
1994-05-01,1994,5,National,2241202,2451822,36941,2,3.41,4.1
1994-06-01,1994,6,International,4106254,5077817,64761,77,8.04,5.57
1994-06-01,1994,6,National,2370639,2605717,37530,2,2.01,0.89
1994-07-01,1994,7,International,4823017,5814136,68465,84,8.65,4.24
1994-07-01,1994,7,National,2396520,2621296,38209,2,1.87,-1.13
1994-08-01,1994,8,International,4803991,5751586,68075,85,3.01,4.03
1994-08-01,1994,8,National,2138786,2359371,36488,2,-1.23,3.52
1994-09-01,1994,9,International,4483585,5500471,65916,81,6.74,4.22
1994-09-01,1994,9,National,2279263,2517842,37938,2,1.62,2.64
1994-10-01,1994,10,International,3952088,5052515,63121,80,15.5,13.88
1994-10-01,1994,10,National,2153658,2385293,36730,2,9.39,5.8
1994-11-01,1994,11,International,3021372,4100022,57892,79,10.32,7.87
1994-11-01,1994,11,National,1981861,2213238,34819,2,8.66,7.5
1994-12-01,1994,12,International,3073374,4224650,59321,81,6.87,5.72
1994-12-01,1994,12,National,2110516,2382244,36575,2,2.15,3.85
1995-01-01,1995,1,International,3176425,4110105,61093,79,5.63,6.97
1995-01-01,1995,1,National,2074010,2310420,37756,2,4.75,8.34
1995-02-01,1995,2,International,2860830,3822350,55784,76,1.11,5.46
1995-02-01,1995,2,National,1938986,2166380,34741,2,1.96,6.01
1995-03-01,1995,3,International,3583533,4737874,63048,80,2.17,5.12
1995-03-01,1995,3,National,2051663,2305721,38720,2,-3.56,3.82
1995-04-01,1995,4,International,4204709,5246866,65739,82,6.94,4.05
1995-04-01,1995,4,National,2156814,2388518,38662,2,-4.04,5.96
1995-05-01,1995,5,International,4244053,5232900,70763,76,1.36,4.7
1995-05-01,1995,5,National,2233648,2457569,40420,2,-0.34,9.42
1995-06-01,1995,6,International,4268363,5279244,67212,77,3.95,3.78
1995-06-01,1995,6,National,2499247,2747080,42242,2,5.43,12.56
1995-07-01,1995,7,International,4843567,5881982,70725,86,0.43,3.3
1995-07-01,1995,7,National,2487420,2729119,43013,2,3.79,12.57
1995-08-01,1995,8,International,4831908,5783402,69506,82,0.58,2.1
1995-08-01,1995,8,National,2219579,2446661,39487,2,3.78,8.22
1995-09-01,1995,9,International,4510317,5526381,67095,82,0.6,1.79
1995-09-01,1995,9,National,2260157,2505321,40661,2,-0.84,7.18
1995-10-01,1995,10,International,3933798,5034174,64664,80,-0.46,2.44
1995-10-01,1995,10,National,2280070,2514661,40643,2,5.87,10.65
1995-11-01,1995,11,International,2955701,3994700,57512,79,-2.17,-0.66
1995-11-01,1995,11,National,2039436,2257559,38411,2,2.91,10.32
1995-12-01,1995,12,International,2844720,3857819,56702,78,-7.44,-4.41
1995-12-01,1995,12,National,2051800,2250992,38372,2,-2.78,4.91
1996-01-01,1996,1,International,3147540,4052437,61767,78,-0.91,1.1
1996-01-01,1996,1,National,2216354,2460866,42450,2,6.86,12.43
1996-02-01,1996,2,International,3063192,4011695,58444,79,7.07,4.77
1996-02-01,1996,2,National,2146504,2381312,40533,2,10.7,16.67
1996-03-01,1996,3,International,3994645,5109906,64174,84,11.47,1.79
1996-03-01,1996,3,National,2428478,2689107,43563,2,18.37,12.51
1996-04-01,1996,4,International,4305654,5311657,68813,81,2.4,4.68
1996-04-01,1996,4,National,2496547,2740001,44709,2,15.75,15.64
1996-05-01,1996,5,International,4461483,5430793,73897,80,5.12,4.43
1996-05-01,1996,5,National,2407748,2633028,44608,2,7.79,10.36
1996-06-01,1996,6,International,4614268,5666407,70802,80,8.1,5.34
1996-06-01,1996,6,National,2588684,2824574,44947,2,3.58,6.4
1996-07-01,1996,7,International,4953356,5997108,74643,86,2.27,5.54
1996-07-01,1996,7,National,2588959,2847543,47897,2,4.08,11.35
1996-08-01,1996,8,International,5230314,6189984,73272,89,8.25,5.42
1996-08-01,1996,8,National,2383198,2601224,43120,2,7.37,9.2
1996-09-01,1996,9,International,4820063,5877187,71477,83,6.87,6.53
1996-09-01,1996,9,National,2385591,2620424,45431,2,5.55,11.73
1996-10-01,1996,10,International,4207168,5301820,67918,84,6.95,5.03
1996-10-01,1996,10,National,2383766,2634761,45551,2,4.55,12.08
1996-11-01,1996,11,International,3373283,4519546,62983,79,14.13,9.51
1996-11-01,1996,11,National,2107007,2344230,42627,2,3.31,10.98
1996-12-01,1996,12,International,3411773,4532489,62833,83,19.93,10.81
1996-12-01,1996,12,National,2305617,2568486,44170,2,12.37,15.11
1997-01-01,1997,1,International,3407391,4341354,63277,82,8.26,2.44
1997-01-01,1997,1,National,2282438,2529040,48314,2,2.98,13.81
1997-02-01,1997,2,International,3339138,4346884,61963,78,9.01,6.02
1997-02-01,1997,2,National,2190103,2421317,42354,2,2.03,4.49
1997-03-01,1997,3,International,4180228,5351882,68335,82,4.65,6.48
1997-03-01,1997,3,National,2310208,2563493,45739,2,-4.87,5.0
1997-04-01,1997,4,International,4454864,5495488,72392,81,3.47,5.2
1997-04-01,1997,4,National,2408546,2664723,46586,2,-3.52,4.2
1997-05-01,1997,5,International,4566796,5607690,75831,84,2.36,2.62
1997-05-01,1997,5,National,2170490,2394505,46138,2,-9.85,3.43
1997-06-01,1997,6,International,4749735,5835428,73178,84,2.94,3.36
1997-06-01,1997,6,National,2594047,2831387,50915,2,0.21,13.28
1997-07-01,1997,7,International,5178499,6264559,76512,89,4.55,2.5
1997-07-01,1997,7,National,2628602,2887792,53389,2,1.53,11.47
1997-08-01,1997,8,International,5555909,6582139,76075,88,6.23,3.83
1997-08-01,1997,8,National,2470402,2684840,48278,2,3.66,11.96
1997-09-01,1997,9,International,5046186,6117162,75047,85,4.69,4.99
1997-09-01,1997,9,National,2531768,2779980,52139,2,6.13,14.77
1997-10-01,1997,10,International,4564445,5726428,73429,81,8.49,8.11
1997-10-01,1997,10,National,2517144,2781665,51901,2,5.6,13.94
1997-11-01,1997,11,International,3670029,4788374,67471,76,8.8,7.13
1997-11-01,1997,11,National,2247681,2480084,47271,2,6.68,10.89
1997-12-01,1997,12,International,3601213,4729803,67138,78,5.55,6.85
1997-12-01,1997,12,National,2390590,2649476,48866,2,3.69,10.63
1998-01-01,1998,1,International,3675588,4644039,70072,79,7.87,10.74
1998-01-01,1998,1,National,2344525,2573368,50205,2,2.72,3.91
1998-02-01,1998,2,International,3648737,4659614,65711,79,9.27,6.05
1998-02-01,1998,2,National,2240545,2462522,46475,2,2.3,9.73
1998-03-01,1998,3,International,4361521,5562647,73025,81,4.34,6.86
1998-03-01,1998,3,National,2484159,2740711,51379,2,7.53,12.33
1998-04-01,1998,4,International,5028960,6116613,75428,82,12.89,4.19
1998-04-01,1998,4,National,2676322,2906751,51924,2,11.12,11.46
1998-05-01,1998,5,International,5164697,6245334,80764,82,13.09,6.51
1998-05-01,1998,5,National,2467867,2672251,50678,2,13.7,9.84
1998-06-01,1998,6,International,4860765,5753441,75512,77,2.34,3.19
1998-06-01,1998,6,National,2331357,2551524,50518,2,-10.13,-0.78
1998-07-01,1998,7,International,5599254,6725555,83244,85,8.13,8.8
1998-07-01,1998,7,National,2778865,3010756,56080,2,5.72,5.04
1998-08-01,1998,8,International,6012957,7040825,81724,85,8.23,7.43
1998-08-01,1998,8,National,2604494,2816995,50845,2,5.43,5.32
1998-09-01,1998,9,International,5464090,6535087,78685,83,8.28,4.85
1998-09-01,1998,9,National,2645973,2889060,53210,2,4.51,2.05
1998-10-01,1998,10,International,4949182,6137177,77060,81,8.43,4.94
1998-10-01,1998,10,National,2619942,2866924,53943,2,4.08,3.93
1998-11-01,1998,11,International,3855534,5054559,69857,78,5.05,3.54
1998-11-01,1998,11,National,2374773,2590803,49858,2,5.65,5.47
1998-12-01,1998,12,International,3918873,5091650,71333,81,8.82,6.25
1998-12-01,1998,12,National,2620677,2876693,51088,2,9.62,4.55
1999-01-01,1999,1,International,4100985,5120261,73988,80,11.57,5.59
1999-01-01,1999,1,National,2467568,2720334,50667,2,5.25,0.92
1999-02-01,1999,2,International,4071863,5191615,68103,79,11.6,3.64
1999-02-01,1999,2,National,2372886,2607607,47828,2,5.91,2.91
1999-03-01,1999,3,International,4882217,6181010,77895,81,11.94,6.67
1999-03-01,1999,3,National,2675371,2945165,53915,2,7.7,4.94
1999-04-01,1999,4,International,5303574,6481649,81014,83,5.46,7.41
1999-04-01,1999,4,National,2733736,2981154,52616,2,2.15,1.33
1999-05-01,1999,5,International,5589374,6783499,86807,85,8.22,7.48
1999-05-01,1999,5,National,2752951,2969680,53568,2,11.55,5.7
1999-06-01,1999,6,International,5608362,6829983,84491,87,15.38,11.89
1999-06-01,1999,6,National,2923908,3174520,54141,2,25.42,7.17
1999-07-01,1999,7,International,6292778,7555604,89589,90,12.39,7.62
1999-07-01,1999,7,National,2980302,3223091,55912,2,7.25,-0.3
1999-08-01,1999,8,International,6401422,7564124,88266,90,6.46,8.0
1999-08-01,1999,8,National,2732330,2958354,50196,2,4.91,-1.28
1999-09-01,1999,9,International,5880905,7136720,84937,91,7.63,7.95
1999-09-01,1999,9,National,2791445,3035817,54223,2,5.5,1.9
1999-10-01,1999,10,International,5494898,6854154,82969,84,11.03,7.67
1999-10-01,1999,10,National,2685874,2920992,53346,2,2.52,-1.11
1999-11-01,1999,11,International,4516323,5842735,77338,83,17.14,10.71
1999-11-01,1999,11,National,2538083,2732766,48495,2,6.88,-2.73
1999-12-01,1999,12,International,4064240,5330796,75493,82,3.71,5.83
1999-12-01,1999,12,National,2561018,2782957,48963,2,-2.28,-4.16
2000-01-01,2000,1,International,4405561,5604568,80094,78,7.43,8.25
2000-01-01,2000,1,National,2524354,2728187,49147,2,2.3,-3.0
2000-02-01,2000,2,International,4555536,5882355,78616,82,11.88,15.44
2000-02-01,2000,2,National,2528519,2682568,48632,2,6.56,1.68
2000-03-01,2000,3,International,5408667,6927128,86047,82,10.78,10.47
2000-03-01,2000,3,National,2828974,3047947,54271,2,5.74,0.66
2000-04-01,2000,4,International,6188205,7516757,88341,87,16.68,9.04
2000-04-01,2000,4,National,2825649,3073448,51159,2,3.36,-2.77
2000-05-01,2000,5,International,6122849,7465451,92299,88,9.54,6.33
2000-05-01,2000,5,National,2827265,3065594,55111,2,2.7,2.88
2000-06-01,2000,6,International,6226898,7591749,89857,84,11.03,6.35
2000-06-01,2000,6,National,2881989,3083103,51317,2,-1.43,-5.22
2000-07-01,2000,7,International,7001895,8455473,94533,92,11.27,5.52
2000-07-01,2000,7,National,3046270,3237773,53385,2,2.21,-4.52
2000-08-01,2000,8,International,6900650,8258630,93011,92,7.8,5.38
2000-08-01,2000,8,National,2705803,2910442,50049,2,-0.97,-0.29
2000-09-01,2000,9,International,6609426,8085509,91499,89,12.39,7.73
2000-09-01,2000,9,National,2788461,3042494,52156,2,-0.11,-3.81
2000-10-01,2000,10,International,5979191,7511685,88000,92,8.81,6.06
2000-10-01,2000,10,National,2748979,3010759,52665,2,2.35,-1.28
2000-11-01,2000,11,International,4778004,6244096,81256,87,5.79,5.07
2000-11-01,2000,11,National,2501221,2751622,48845,2,-1.45,0.72
2000-12-01,2000,12,International,4677403,6041837,79571,85,15.09,5.4
2000-12-01,2000,12,National,2615152,2893409,48918,2,2.11,-0.09
2001-01-01,2001,1,International,4815627,5998194,82893,85,9.31,3.49
2001-01-01,2001,1,National,2565824,2820935,50857,2,1.64,3.48
2001-02-01,2001,2,International,4789503,6051429,77267,83,5.14,-1.72
2001-02-01,2001,2,National,2442017,2681832,47063,2,-3.42,-3.23
2001-03-01,2001,3,International,5710116,7211475,87483,85,5.57,1.67
2001-03-01,2001,3,National,2723302,3008087,51260,2,-3.74,-5.55
2001-04-01,2001,4,International,6473937,7870380,88557,90,4.62,0.24
2001-04-01,2001,4,National,2828754,3081778,48462,2,0.11,-5.27
2001-05-01,2001,5,International,6291027,7682740,92080,88,2.75,-0.24
2001-05-01,2001,5,National,2686896,2915675,49811,2,-4.96,-9.62
2001-06-01,2001,6,International,6647623,8043613,89884,89,6.76,0.03
2001-06-01,2001,6,National,2847625,3096288,48277,2,-1.19,-5.92
2001-07-01,2001,7,International,7290396,8641723,94526,93,4.12,-0.01
2001-07-01,2001,7,National,2799041,3038370,49680,2,-8.12,-6.94
2001-08-01,2001,8,International,7244496,8490396,93012,94,4.98,0.0
2001-08-01,2001,8,National,2495191,2720160,46333,2,-7.78,-7.42
2001-09-01,2001,9,International,6232074,7478852,86175,91,-5.71,-5.82
2001-09-01,2001,9,National,2481442,2720992,45358,2,-11.01,-13.03
2001-10-01,2001,10,International,5101478,6526588,82356,86,-14.68,-6.41
2001-10-01,2001,10,National,2325854,2583344,46945,2,-15.39,-10.86
2001-11-01,2001,11,International,4110823,5510159,72127,84,-13.96,-11.23
2001-11-01,2001,11,National,2141538,2381851,43970,2,-14.38,-9.98
2001-12-01,2001,12,International,4244844,5553398,67851,87,-9.25,-14.73
2001-12-01,2001,12,National,2124757,2350835,40356,2,-18.75,-17.5
2002-01-01,2002,1,International,4497010,5679071,74750,84,-6.62,-9.82
2002-01-01,2002,1,National,2171629,2398807,43772,2,-15.36,-13.93
2002-02-01,2002,2,International,4640011,5884077,70189,85,-3.12,-9.16
2002-02-01,2002,2,National,2117689,2333077,40428,2,-13.28,-14.1
2002-03-01,2002,3,International,5717457,7196880,79585,88,0.13,-9.03
2002-03-01,2002,3,National,2418284,2674233,45137,2,-11.2,-11.94
2002-04-01,2002,4,International,6028664,7403649,82238,89,-6.88,-7.14
2002-04-01,2002,4,National,2558494,2793380,46338,2,-9.55,-4.38
2002-05-01,2002,5,International,6120984,7421731,87402,89,-2.7,-5.08
2002-05-01,2002,5,National,2484380,2687636,46533,2,-7.54,-6.58
2002-06-01,2002,6,International,6346177,7726231,83470,90,-4.53,-7.14
2002-06-01,2002,6,National,2649501,2866743,45602,2,-6.96,-5.54
2002-07-01,2002,7,International,7087632,8485424,91852,93,-2.78,-2.83
2002-07-01,2002,7,National,2816371,3049922,50632,2,0.62,1.92
2002-08-01,2002,8,International,7333215,8618167,90104,95,1.22,-3.13
2002-08-01,2002,8,National,2565075,2764159,45381,2,2.8,-2.05
2002-09-01,2002,9,International,6671767,8009734,85746,91,7.06,-0.5
2002-09-01,2002,9,National,2462133,2679782,45252,2,-0.78,-0.23
2002-10-01,2002,10,International,6162200,7675804,85979,90,20.79,4.4
2002-10-01,2002,10,National,2581803,2820296,46761,2,11.0,-0.39
2002-11-01,2002,11,International,4798026,6290696,75322,87,16.72,4.43
2002-11-01,2002,11,National,2260952,2464109,40094,2,5.58,-8.82
2002-12-01,2002,12,International,5022753,6422773,77553,88,18.33,14.3
2002-12-01,2002,12,National,2438254,2665093,41489,2,14.75,2.81
2003-01-01,2003,1,International,4971655,6329301,79785,87,10.55,6.74
2003-01-01,2003,1,National,2284619,2516955,42914,2,5.2,-1.96
2003-02-01,2003,2,International,4900151,6215916,73528,88,5.61,4.76
2003-02-01,2003,2,National,2034019,2264040,39078,2,-3.95,-3.34
2003-03-01,2003,3,International,5515776,7152961,83152,87,-3.53,4.48
2003-03-01,2003,3,National,2316796,2569867,43587,2,-4.2,-3.43
2003-04-01,2003,4,International,5645216,7076016,78418,90,-6.36,-4.65
2003-04-01,2003,4,National,2335746,2582374,41540,2,-8.71,-10.35
2003-05-01,2003,5,International,5815577,7208234,81008,91,-4.99,-7.32
2003-05-01,2003,5,National,2163173,2355258,39996,2,-12.93,-14.05
2003-06-01,2003,6,International,6369843,7709468,83771,91,0.37,0.36
2003-06-01,2003,6,National,2558321,2760044,43303,2,-3.44,-5.04
2003-07-01,2003,7,International,7188943,8635958,90711,96,1.43,-1.24
2003-07-01,2003,7,National,2686885,2885688,48027,2,-4.6,-5.14
2003-08-01,2003,8,International,7647407,8991036,89736,97,4.28,-0.41
2003-08-01,2003,8,National,2497949,2666605,43494,2,-2.62,-4.16
2003-09-01,2003,9,International,6714645,8177779,86217,92,0.64,0.55
2003-09-01,2003,9,National,2419049,2610286,44668,2,-1.75,-1.29
2003-10-01,2003,10,International,6271895,7845244,84122,92,1.78,-2.16
2003-10-01,2003,10,National,2497580,2698850,45649,2,-3.26,-2.38
2003-11-01,2003,11,International,4998869,6551680,75206,95,4.19,-0.15
2003-11-01,2003,11,National,2175652,2350419,38921,2,-3.77,-2.93
2003-12-01,2003,12,International,5261545,6767444,75720,93,4.75,-2.36
2003-12-01,2003,12,National,2323122,2529864,40533,2,-4.72,-2.3
2004-01-01,2004,1,International,5202758,6635421,77497,88,4.65,-2.87
2004-01-01,2004,1,National,2173169,2361687,40213,2,-4.88,-6.29
2004-02-01,2004,2,International,5297459,6773926,75192,92,8.11,2.26
2004-02-01,2004,2,National,2017349,2209119,36727,2,-0.82,-6.02
2004-03-01,2004,3,International,5840460,7509874,81665,93,5.89,-1.79
2004-03-01,2004,3,National,2309131,2540837,40940,2,-0.33,-6.07
2004-04-01,2004,4,International,6664186,8187796,84298,97,18.05,7.5
2004-04-01,2004,4,National,2367402,2584896,40515,2,1.36,-2.47
2004-05-01,2004,5,International,6899409,8485606,89708,96,18.64,10.74
2004-05-01,2004,5,National,2384113,2574496,41590,2,10.21,3.99
2004-06-01,2004,6,International,7043832,8611473,87815,98,10.58,4.83
2004-06-01,2004,6,National,2555261,2766812,42659,2,-0.12,-1.49
2004-07-01,2004,7,International,7971407,9636418,94511,102,10.88,4.19
2004-07-01,2004,7,National,2616011,2821557,44096,2,-2.64,-8.18
2004-08-01,2004,8,International,8103586,9591089,93315,103,5.97,3.99
2004-08-01,2004,8,National,2373250,2563061,41276,2,-4.99,-5.1
2004-09-01,2004,9,International,7262421,8902581,89466,99,8.16,3.77
2004-09-01,2004,9,National,2331595,2543215,41196,2,-3.62,-7.77
2004-10-01,2004,10,International,6825568,8648329,87175,99,8.83,3.63
2004-10-01,2004,10,National,2392966,2606194,41727,2,-4.19,-8.59
2004-11-01,2004,11,International,5298386,7078921,76404,93,5.99,1.59
2004-11-01,2004,11,National,2154238,2350009,38547,2,-0.98,-0.96
2004-12-01,2004,12,International,5504404,7022597,75357,96,4.62,-0.48
2004-12-01,2004,12,National,2308960,2543135,38690,2,-0.61,-4.55
2005-01-01,2005,1,International,5734565,7232304,79396,94,10.22,2.45
2005-01-01,2005,1,National,2210293,2428484,40109,2,1.71,-0.26
2005-02-01,2005,2,International,5433480,7186175,73220,96,2.57,-2.62
2005-02-01,2005,2,National,2007147,2220661,36660,2,-0.51,-0.18
2005-03-01,2005,3,International,6421583,8378405,82629,97,9.95,1.18
2005-03-01,2005,3,National,2274555,2514249,40431,2,-1.5,-1.24
2005-04-01,2005,4,International,6999234,8775534,86144,96,5.03,2.19
2005-04-01,2005,4,National,2339342,2583887,40725,2,-1.19,0.52
2005-05-01,2005,5,International,7573973,9204594,92080,98,9.78,2.64
2005-05-01,2005,5,National,2408825,2622985,42068,2,1.04,1.15
2005-06-01,2005,6,International,7649772,9019490,90877,96,8.6,3.49
2005-06-01,2005,6,National,2601333,2824753,42624,2,1.8,-0.08
2005-07-01,2005,7,International,8714033,10288521,95962,102,9.32,1.54
2005-07-01,2005,7,National,2708166,2917708,44559,2,3.52,1.05
2005-08-01,2005,8,International,8604436,9875038,94284,103,6.18,1.04
2005-08-01,2005,8,National,2408488,2600782,41451,2,1.48,0.42
2005-09-01,2005,9,International,7795190,9528662,91539,101,7.34,2.32
2005-09-01,2005,9,National,2387530,2616391,42714,2,2.4,3.68
2005-10-01,2005,10,International,7153263,9066662,87493,98,4.8,0.36
2005-10-01,2005,10,National,2358083,2587464,41539,2,-1.46,-0.45
2005-11-01,2005,11,International,5787370,7612573,77958,98,9.23,2.03
2005-11-01,2005,11,National,2218096,2432384,39409,2,2.96,2.24
2005-12-01,2005,12,International,5981745,7897798,77427,99,8.67,2.75
2005-12-01,2005,12,National,2364929,2626187,39539,2,2.42,2.19
2006-01-01,2006,1,International,6048303,7454790,81474,98,5.47,2.62
2006-01-01,2006,1,National,2239356,2473407,40265,2,1.31,0.39
2006-02-01,2006,2,International,5807779,7039054,75630,94,6.89,3.29
2006-02-01,2006,2,National,2014567,2221687,36576,2,0.37,-0.23
2006-03-01,2006,3,International,6655641,8072043,85619,98,3.64,3.62
2006-03-01,2006,3,National,2315825,2566559,42018,2,1.81,3.93
2006-04-01,2006,4,International,7873498,9560114,89395,97,12.49,3.77
2006-04-01,2006,4,National,2391434,2631736,40293,2,2.23,-1.06
2006-05-01,2006,5,International,8071305,9959415,96424,98,6.57,4.72
2006-05-01,2006,5,National,2460155,2682503,42394,2,2.13,0.77
2006-06-01,2006,6,International,8204388,10114755,95432,101,7.25,5.01
2006-06-01,2006,6,National,2651199,2894733,43526,2,1.92,2.12
2006-07-01,2006,7,International,9198459,11070266,100290,102,5.56,4.51
2006-07-01,2006,7,National,2763300,2974787,45406,2,2.04,1.9
2006-08-01,2006,8,International,9008810,10796127,97673,104,4.7,3.59
2006-08-01,2006,8,National,2438446,2635538,41206,2,1.24,-0.59
2006-09-01,2006,9,International,8298793,10236580,94506,101,6.46,3.24
2006-09-01,2006,9,National,2441203,2673419,42411,2,2.25,-0.71
2006-10-01,2006,10,International,7644258,9651505,91285,99,6.86,4.33
2006-10-01,2006,10,National,2440130,2671994,41559,2,3.48,0.05
2006-11-01,2006,11,International,6262098,8342205,81871,98,8.2,5.02
2006-11-01,2006,11,National,2240016,2466655,39225,2,0.99,-0.47
2006-12-01,2006,12,International,6571601,8654839,82070,97,9.86,6.0
2006-12-01,2006,12,National,2369171,2626376,38839,2,0.18,-1.77
2007-01-01,2007,1,International,6495365,8268312,85037,99,7.39,4.37
2007-01-01,2007,1,National,2266649,2489458,39651,2,1.22,-1.52
2007-02-01,2007,2,International,6202854,8011086,79961,94,6.8,5.73
2007-02-01,2007,2,National,2092145,2296414,37276,2,3.85,1.91
2007-03-01,2007,3,International,7581774,9688344,92204,102,13.92,7.69
2007-03-01,2007,3,National,2468838,2729235,42314,2,6.61,0.7
2007-04-01,2007,4,International,8365072,10230132,93380,99,6.24,4.46
2007-04-01,2007,4,National,2428362,2651786,40572,2,1.54,0.69
2007-05-01,2007,5,International,8324061,10191389,99885,98,3.13,3.59
2007-05-01,2007,5,National,2425310,2624820,41709,2,-1.42,-1.62
2007-06-01,2007,6,International,8806221,10778957,99688,101,7.34,4.46
2007-06-01,2007,6,National,2658520,2885848,43135,2,0.28,-0.9
2007-07-01,2007,7,International,10049012,11943787,105413,100,9.25,5.11
2007-07-01,2007,7,National,2811461,3020010,46250,2,1.74,1.86
2007-08-01,2007,8,International,10044741,11764729,103343,105,11.5,5.81
2007-08-01,2007,8,National,2481179,2671381,40928,2,1.75,-0.67
2007-09-01,2007,9,International,9003072,10911664,98945,103,8.49,4.7
2007-09-01,2007,9,National,2435351,2648654,40453,2,-0.24,-4.62
2007-10-01,2007,10,International,8139307,10224569,94463,100,6.48,3.48
2007-10-01,2007,10,National,2284100,2499875,39781,2,-6.39,-4.28
2007-11-01,2007,11,International,6765004,8957539,85331,98,8.03,4.23
2007-11-01,2007,11,National,2255768,2464395,37271,2,0.7,-4.98
2007-12-01,2007,12,International,7024360,9120975,85151,97,6.89,3.75
2007-12-01,2007,12,National,2278118,2493793,36549,2,-3.84,-5.9
2008-01-01,2008,1,International,6752253,8696916,87278,96,3.95,2.64
2008-01-01,2008,1,National,2203536,2419724,38473,2,-2.78,-2.97
2008-02-01,2008,2,International,6677199,8684415,83900,97,7.65,4.93
2008-02-01,2008,2,National,2037322,2256397,36392,2,-2.62,-2.37
2008-03-01,2008,3,International,8022701,10143455,92824,100,5.82,0.67
2008-03-01,2008,3,National,2346328,2572099,39722,2,-4.96,-6.13
2008-04-01,2008,4,International,8519365,10671890,95946,100,1.84,2.75
2008-04-01,2008,4,National,2396556,2629757,39932,2,-1.31,-1.58
2008-05-01,2008,5,International,9155008,11135132,103458,101,9.98,3.58
2008-05-01,2008,5,National,2460134,2662561,40357,2,1.44,-3.24
2008-06-01,2008,6,International,9256515,11279650,102562,102,5.11,2.88
2008-06-01,2008,6,National,2606410,2826112,42495,2,-1.96,-1.48
2008-07-01,2008,7,International,10276947,12032545,106498,106,2.27,1.03
2008-07-01,2008,7,National,2734698,2948729,44827,2,-2.73,-3.08
2008-08-01,2008,8,International,10525309,12178060,105387,106,4.78,1.98
2008-08-01,2008,8,National,2506686,2676687,39633,2,1.03,-3.16
2008-09-01,2008,9,International,8882798,10852669,98349,103,-1.34,-0.6
2008-09-01,2008,9,National,2341008,2552605,40292,2,-3.87,-0.4
2008-10-01,2008,10,International,8382035,10538301,93994,100,2.98,-0.5
2008-10-01,2008,10,National,2373748,2518324,39836,2,3.92,0.14
2008-11-01,2008,11,International,6611038,8522487,78430,96,-2.28,-8.09
2008-11-01,2008,11,National,2074219,2194475,34713,2,-8.05,-6.86
2008-12-01,2008,12,International,6851308,8733277,78788,99,-2.46,-7.47
2008-12-01,2008,12,National,2250492,2395363,36263,2,-1.21,-0.78
2009-01-01,2009,1,International,6368785,8138206,77888,95,-5.68,-10.76
2009-01-01,2009,1,National,2015397,2188806,35425,2,-8.54,-7.92
2009-02-01,2009,2,International,6095303,7651131,73826,96,-8.71,-12.01
2009-02-01,2009,2,National,1895067,2070113,33353,2,-6.98,-8.35
2009-03-01,2009,3,International,7184883,8772937,85522,100,-10.44,-7.87
2009-03-01,2009,3,National,2155770,2358284,37629,2,-8.12,-5.27
2009-04-01,2009,4,International,8400315,9957979,88465,97,-1.4,-7.8
2009-04-01,2009,4,National,2372316,2578211,37963,2,-1.01,-4.93
2009-05-01,2009,5,International,8602822,10152950,94044,99,-6.03,-9.1
2009-05-01,2009,5,National,2372703,2539875,38013,2,-3.55,-5.81
2009-06-01,2009,6,International,8599852,10412297,91722,98,-7.09,-10.57
2009-06-01,2009,6,National,2532306,2741838,39923,2,-2.84,-6.05
2009-07-01,2009,7,International,9962204,11834967,99220,102,-3.06,-6.83
2009-07-01,2009,7,National,2682114,2888218,41609,2,-1.92,-7.18
2009-08-01,2009,8,International,10115221,11841156,96242,103,-3.9,-8.68
2009-08-01,2009,8,National,2481426,2668667,37351,2,-1.01,-5.76
2009-09-01,2009,9,International,8495906,10197106,89879,98,-4.36,-8.61
2009-09-01,2009,9,National,2307628,2524295,38836,2,-1.43,-3.61
2009-10-01,2009,10,International,8171367,10154880,86565,95,-2.51,-7.9
2009-10-01,2009,10,National,2334053,2561780,37590,2,-1.67,-5.64
2009-11-01,2009,11,International,6498044,8546226,75024,95,-1.71,-4.34
2009-11-01,2009,11,National,2147350,2350778,35149,2,3.53,1.26
2009-12-01,2009,12,International,6741811,8510480,74074,98,-1.6,-5.98
2009-12-01,2009,12,National,2215597,2446409,34737,2,-1.55,-4.21
2010-01-01,2010,1,International,6434402,7979271,75943,96,1.03,-2.5
2010-01-01,2010,1,National,1973448,2168635,33130,2,-2.08,-6.48
2010-02-01,2010,2,International,6127438,7745315,71783,96,0.53,-2.77
2010-02-01,2010,2,National,1862850,2053459,31096,2,-1.7,-6.77
2010-03-01,2010,3,International,7414281,9408782,84827,101,3.19,-0.81
2010-03-01,2010,3,National,2259701,2487220,37677,2,4.82,0.13
2010-04-01,2010,4,International,7083763,8665895,77229,93,-15.67,-12.7
2010-04-01,2010,4,National,1997624,2183742,33292,2,-15.79,-12.3
2010-05-01,2010,5,International,8948691,11026843,95683,100,4.02,1.74
2010-05-01,2010,5,National,2416815,2567986,38279,2,1.86,0.7
2010-06-01,2010,6,International,8972118,10913721,95287,102,4.33,3.89
2010-06-01,2010,6,National,2527615,2660355,39553,2,-0.19,-0.93
2010-07-01,2010,7,International,10499224,12545308,103142,107,5.39,3.95
2010-07-01,2010,7,National,2723460,2851720,40577,2,1.54,-2.48
2010-08-01,2010,8,International,10418357,12243981,100293,107,3.0,4.21
2010-08-01,2010,8,National,2533267,2691008,37300,2,2.09,-0.14
2010-09-01,2010,9,International,9022059,10807498,93732,102,6.19,4.29
2010-09-01,2010,9,National,2357014,2570610,37469,2,2.14,-3.52
2010-10-01,2010,10,International,8768443,10818167,90871,102,7.31,4.97
2010-10-01,2010,10,National,2353991,2516017,35984,2,0.85,-4.27
2010-11-01,2010,11,International,6895377,9012726,79571,97,6.11,6.06
2010-11-01,2010,11,National,2218401,2407012,34306,2,3.31,-2.4
2010-12-01,2010,12,International,6854745,9072055,75370,100,1.68,1.75
2010-12-01,2010,12,National,2208184,2436872,33396,2,-0.33,-3.86
2011-01-01,2011,1,International,6874319,8671992,82112,100,6.84,8.12
2011-01-01,2011,1,National,2152379,2337205,35703,2,9.07,7.77
2011-02-01,2011,2,International,6456110,8251330,76822,95,5.36,7.02
2011-02-01,2011,2,National,2015649,2198241,33419,2,8.2,7.47
2011-03-01,2011,3,International,7696862,9831674,89816,101,3.81,5.88
2011-03-01,2011,3,National,2303216,2509360,38434,2,1.93,2.01
2011-04-01,2011,4,International,9007961,10889947,92933,98,27.16,20.33
2011-04-01,2011,4,National,2437102,2642965,38222,2,22.0,14.81
2011-05-01,2011,5,International,9363458,11124899,100957,100,4.63,5.51
2011-05-01,2011,5,National,2523388,2728956,40562,2,4.41,5.96
2011-06-01,2011,6,International,9535133,11386114,99201,99,6.28,4.11
2011-06-01,2011,6,National,2660612,2856567,39605,2,5.26,0.13
2011-07-01,2011,7,International,11154767,13124982,107224,105,6.24,3.96
2011-07-01,2011,7,National,2803915,2999157,41649,2,2.95,2.64
2011-08-01,2011,8,International,10682910,12533771,102439,102,2.54,2.14
2011-08-01,2011,8,National,2523137,2714220,37948,2,-0.4,1.74
2011-09-01,2011,9,International,9717044,11633117,99090,101,7.7,5.72
2011-09-01,2011,9,National,2508869,2715772,39404,2,6.44,5.16
2011-10-01,2011,10,International,9116129,11132352,94437,102,3.97,3.92
2011-10-01,2011,10,National,2457116,2659860,37831,2,4.38,5.13
2011-11-01,2011,11,International,7100313,9054202,80090,99,2.97,0.65
2011-11-01,2011,11,National,2256962,2455772,35680,2,1.74,4.01
2011-12-01,2011,12,International,7472984,9542780,80822,98,9.02,7.23
2011-12-01,2011,12,National,2418682,2646356,35336,2,9.53,5.81
2012-01-01,2012,1,International,7055375,8683911,80878,96,2.63,-1.5
2012-01-01,2012,1,National,2211507,2404413,34648,2,2.75,-2.95
2012-02-01,2012,2,International,6764539,8422234,77445,96,4.78,0.81
2012-02-01,2012,2,National,2056908,2259737,33084,2,2.05,-1.0
2012-03-01,2012,3,International,8120954,10087288,89368,96,5.51,-0.5
2012-03-01,2012,3,National,2388127,2614710,37515,2,3.69,-2.39
2012-04-01,2012,4,International,9430646,11217329,91833,99,4.69,-1.18
2012-04-01,2012,4,National,2474166,2686632,36153,2,1.52,-5.41
2012-05-01,2012,5,International,9596100,11397642,99261,101,2.48,-1.68
2012-05-01,2012,5,National,2501611,2686157,37851,2,-0.86,-6.68
2012-06-01,2012,6,International,9899290,11709974,99694,103,3.82,0.5
2012-06-01,2012,6,National,2694611,2898687,40269,2,1.28,1.68
2012-07-01,2012,7,International,11375370,13263614,106384,105,1.98,-0.78
2012-07-01,2012,7,National,2924732,3116115,42103,2,4.31,1.09
2012-08-01,2012,8,International,11284782,12982882,103228,103,5.63,0.77
2012-08-01,2012,8,National,2654353,2835102,37669,2,5.2,-0.74
2012-09-01,2012,9,International,10091637,11877288,97875,103,3.86,-1.23
2012-09-01,2012,9,National,2537660,2736338,38469,2,1.15,-2.37
2012-10-01,2012,10,International,9129754,11018973,92717,100,0.15,-1.82
2012-10-01,2012,10,National,2459514,2674041,38225,2,0.1,1.04
2012-11-01,2012,11,International,7395306,9273572,78657,93,4.15,-1.79
2012-11-01,2012,11,National,2338159,2545806,34915,2,3.6,-2.14
2012-12-01,2012,12,International,7488679,9337707,78627,95,0.21,-2.72
2012-12-01,2012,12,National,2387246,2595864,35105,2,-1.3,-0.65
2013-01-01,2013,1,International,7019977,8672791,77458,93,-0.5,-4.23
2013-01-01,2013,1,National,2147144,2340360,33849,2,-2.91,-2.31
2013-02-01,2013,2,International,6667753,8271913,72744,93,-1.43,-6.07
2013-02-01,2013,2,National,2104988,2289608,32804,2,2.34,-0.85
2013-03-01,2013,3,International,8462387,10312256,85020,96,4.2,-4.87
2013-03-01,2013,3,National,2432412,2638273,36072,2,1.85,-3.85
2013-04-01,2013,4,International,9300499,11073158,89338,98,-1.38,-2.72
2013-04-01,2013,4,National,2560779,2758261,37215,2,3.5,2.94
2013-05-01,2013,5,International,10186106,11934244,98538,99,6.15,-0.73
2013-05-01,2013,5,National,2627318,2802420,37611,2,5.03,-0.63
2013-06-01,2013,6,International,10217045,12000408,96296,97,3.21,-3.41
2013-06-01,2013,6,National,2722496,2902066,38579,2,1.03,-4.2
2013-07-01,2013,7,International,11356956,13201996,105559,101,-0.16,-0.78
2013-07-01,2013,7,National,2973184,3162307,42171,2,1.66,0.16
2013-08-01,2013,8,International,11889400,13550051,103379,99,5.36,0.15
2013-08-01,2013,8,National,2757385,2922006,37426,2,3.88,-0.65
2013-09-01,2013,9,International,10348715,12097789,96831,98,2.55,-1.07
2013-09-01,2013,9,National,2595711,2769786,38272,2,2.29,-0.51
2013-10-01,2013,10,International,9625148,11530960,91039,99,5.43,-1.81
2013-10-01,2013,10,National,2603671,2800792,37383,2,5.86,-2.2
2013-11-01,2013,11,International,7452465,9367356,76197,96,0.77,-3.13
2013-11-01,2013,11,National,2313999,2498428,33579,2,-1.03,-3.83
2013-12-01,2013,12,International,7841412,9719444,77053,98,4.71,-2.0
2013-12-01,2013,12,National,2458285,2661814,34149,2,2.98,-2.72
2014-01-01,2014,1,International,7417777,9081194,77224,94,5.67,-0.3
2014-01-01,2014,1,National,2181207,2364386,32374,2,1.59,-4.36
2014-02-01,2014,2,International,7031752,8678873,72120,96,5.46,-0.86
2014-02-01,2014,2,National,2097770,2280564,30958,2,-0.34,-5.63
2014-03-01,2014,3,International,8557104,10523238,83879,101,1.12,-1.34
2014-03-01,2014,3,National,2413576,2609123,34878,2,-0.77,-3.31
2014-04-01,2014,4,International,9916606,11717554,91207,101,6.62,2.09
2014-04-01,2014,4,National,2559760,2765763,35801,2,-0.04,-3.8
2014-05-01,2014,5,International,10600502,12443477,100477,103,4.07,1.97
2014-05-01,2014,5,National,2535079,2710555,35675,2,-3.51,-5.15
2014-06-01,2014,6,International,10807869,12597600,99220,105,5.78,3.04
2014-06-01,2014,6,National,2838477,3016714,38097,2,4.26,-1.25
2014-07-01,2014,7,International,11833163,13701456,107777,106,4.19,2.1
2014-07-01,2014,7,National,2915119,3103138,39974,2,-1.95,-5.21
2014-08-01,2014,8,International,12707576,14386099,107760,108,6.88,4.24
2014-08-01,2014,8,National,2732784,2892924,36414,2,-0.89,-2.7
2014-09-01,2014,9,International,10085633,11662206,93474,99,-2.54,-3.47
2014-09-01,2014,9,National,2139847,2313765,33876,2,-17.56,-11.49
2014-10-01,2014,10,International,10150152,12016950,93492,101,5.45,2.69
2014-10-01,2014,10,National,2616704,2826666,35655,2,0.5,-4.62
2014-11-01,2014,11,International,7721970,9579867,76699,97,3.62,0.66
2014-11-01,2014,11,National,2256151,2440479,31315,2,-2.5,-6.74
2014-12-01,2014,12,International,8198429,10018192,78457,101,4.55,1.82
2014-12-01,2014,12,National,2456827,2669984,32837,2,-0.06,-3.84
2015-01-01,2015,1,International,7720238,9418876,77795,93,4.08,0.74
2015-01-01,2015,1,National,2179203,2359004,31003,2,-0.09,-4.23
2015-02-01,2015,2,International,7400185,9074584,72884,94,5.24,1.06
2015-02-01,2015,2,National,2135764,2309590,30007,2,1.81,-3.07
2015-03-01,2015,3,International,8764947,10681610,85327,98,2.43,1.73
2015-03-01,2015,3,National,2406255,2608931,34154,2,-0.3,-2.08
2015-04-01,2015,4,International,10057843,11841402,90362,98,1.42,-0.93
2015-04-01,2015,4,National,2490788,2686444,33660,2,-2.69,-5.98
2015-05-01,2015,5,International,11132968,12896498,101215,101,5.02,0.73
2015-05-01,2015,5,National,2607249,2775863,35628,2,2.85,-0.13
2015-06-01,2015,6,International,11065000,12912309,101478,101,2.38,2.28
2015-06-01,2015,6,National,2756969,2953943,38210,2,-2.87,0.3
2015-07-01,2015,7,International,12666296,14452033,110263,107,7.04,2.31
2015-07-01,2015,7,National,2893696,3083115,39870,2,-0.73,-0.26
2015-08-01,2015,8,International,13269585,14918631,109660,107,4.42,1.76
2015-08-01,2015,8,National,2723394,2892245,35774,2,-0.34,-1.76
2015-09-01,2015,9,International,11252640,13018417,100142,104,11.57,7.13
2015-09-01,2015,9,National,2564284,2758433,35827,2,19.83,5.76
2015-10-01,2015,10,International,10767729,12683483,94895,101,6.08,1.5
2015-10-01,2015,10,National,2649414,2852392,34823,2,1.25,-2.33
2015-11-01,2015,11,International,7709541,9612765,76717,97,-0.16,0.02
2015-11-01,2015,11,National,2205098,2380007,31469,2,-2.26,0.49
2015-12-01,2015,12,International,8108012,10054946,80146,96,-1.1,2.15
2015-12-01,2015,12,National,2429949,2644365,32667,2,-1.09,-0.52
2016-01-01,2016,1,International,7874436,9567868,77373,97,2.0,-0.54
2016-01-01,2016,1,National,2209816,2378734,30594,2,1.4,-1.32
2016-02-01,2016,2,International,7803931,9440306,75973,95,5.46,4.24
2016-02-01,2016,2,National,2234637,2407718,30961,2,4.63,3.18
2016-03-01,2016,3,International,9026581,10952643,86457,97,2.99,1.32
2016-03-01,2016,3,National,2431188,2625885,33577,2,1.04,-1.69
2016-04-01,2016,4,International,10497601,12360582,95296,99,4.37,5.46
2016-04-01,2016,4,National,2648051,2842900,34689,2,6.31,3.06
2016-05-01,2016,5,International,11236056,13044153,104099,99,0.93,2.85
2016-05-01,2016,5,National,2698567,2872973,36003,2,3.5,1.05
2016-06-01,2016,6,International,11175848,12985258,103518,99,1.0,2.01
2016-06-01,2016,6,National,2816591,3005983,38163,2,2.16,-0.12
2016-07-01,2016,7,International,13120769,14965024,113767,104,3.59,3.18
2016-07-01,2016,7,National,2971624,3133788,39729,2,2.69,-0.35
2016-08-01,2016,8,International,13174062,14972457,111584,107,-0.72,1.75
2016-08-01,2016,8,National,2741296,2901118,35258,2,0.66,-1.44
2016-09-01,2016,9,International,11387289,13311392,103387,103,1.2,3.24
2016-09-01,2016,9,National,2643599,2827834,36571,2,3.09,2.08
2016-10-01,2016,10,International,10946871,13050131,98132,101,1.66,3.41
2016-10-01,2016,10,National,2730190,2908716,34749,2,3.05,-0.21
2016-11-01,2016,11,International,8223667,10319705,79083,101,6.67,3.08
2016-11-01,2016,11,National,2367112,2565261,31651,2,7.35,0.58
2016-12-01,2016,12,International,9047875,11170307,82786,102,11.59,3.29
2016-12-01,2016,12,National,2575838,2801476,32667,2,6.0,0.0
2017-01-01,2017,1,International,8529143,10343813,80701,101,8.31,4.3
2017-01-01,2017,1,National,2326963,2483299,31637,2,5.3,3.41
2017-02-01,2017,2,International,8282249,10009234,76518,100,6.13,0.72
2017-02-01,2017,2,National,2228116,2385873,30184,2,-0.29,-2.51
2017-03-01,2017,3,International,9527667,11677600,88958,103,5.55,2.89
2017-03-01,2017,3,National,2508338,2694096,34243,2,3.17,1.98
2017-04-01,2017,4,International,11596827,13523351,98672,103,10.47,3.54
2017-04-01,2017,4,National,2714468,2892622,34421,2,2.51,-0.77
2017-05-01,2017,5,International,11745055,13681264,106343,106,4.53,2.16
2017-05-01,2017,5,National,2740784,2907091,36841,2,1.56,2.33
2017-06-01,2017,6,International,11812163,13795844,105007,102,5.69,1.44
2017-06-01,2017,6,National,2979148,3149708,39431,2,5.77,3.32
2017-07-01,2017,7,International,14001880,15950465,116053,108,6.72,2.01
2017-07-01,2017,7,National,3154119,3304505,39961,2,6.14,0.58
2017-08-01,2017,8,International,14117995,15965810,112953,109,7.17,1.23
2017-08-01,2017,8,National,2908967,3065439,36320,2,6.12,3.01
2017-09-01,2017,9,International,12280318,14229376,104316,103,7.84,0.9
2017-09-01,2017,9,National,2757563,2937965,35862,2,4.31,-1.94
2017-10-01,2017,10,International,11636293,13706300,98468,104,6.3,0.34
2017-10-01,2017,10,National,2824176,3005026,35903,2,3.44,3.32
2017-11-01,2017,11,International,8876513,10947825,78495,101,7.94,-0.74
2017-11-01,2017,11,National,2445939,2626238,32039,2,3.33,1.23
2017-12-01,2017,12,International,9446624,11514850,81288,105,4.41,-1.81
2017-12-01,2017,12,National,2591687,2791880,32024,2,0.62,-1.97
2018-01-01,2018,1,International,9055289,10854832,80355,105,6.17,-0.43
2018-01-01,2018,1,National,2451456,2623229,32733,2,5.35,3.46
2018-02-01,2018,2,International,8595579,10246117,75342,98,3.78,-1.54
2018-02-01,2018,2,National,2212289,2363896,29245,2,-0.71,-3.11
2018-03-01,2018,3,International,10401416,12454866,89130,104,9.17,0.19
2018-03-01,2018,3,National,2580866,2770126,33720,2,2.89,-1.53
2018-04-01,2018,4,International,11749304,13659188,95430,103,1.31,-3.29
2018-04-01,2018,4,National,2722985,2895084,32936,2,0.31,-4.31
2018-05-01,2018,5,International,12290918,14185700,104191,103,4.65,-2.02
2018-05-01,2018,5,National,2814405,2968653,35679,2,2.69,-3.15
2018-06-01,2018,6,International,12713125,14682011,105657,106,7.63,0.62
2018-06-01,2018,6,National,3059807,3232894,38866,2,2.71,-1.43
2018-07-01,2018,7,International,14516779,16461257,115703,110,3.68,-0.3
2018-07-01,2018,7,National,3282698,3448721,40331,2,4.08,0.93
2018-08-01,2018,8,International,14702525,16510583,113683,111,4.14,0.65
2018-08-01,2018,8,National,3063005,3213143,37079,2,5.3,2.09
2018-09-01,2018,9,International,13050270,14937516,106916,108,6.27,2.49
2018-09-01,2018,9,National,2891050,3054261,37120,2,4.84,3.51
2018-10-01,2018,10,International,12469914,14588693,101604,105,7.16,3.18
2018-10-01,2018,10,National,2975430,3154327,36273,2,5.36,1.03
2018-11-01,2018,11,International,9542461,11566254,82648,101,7.5,5.29
2018-11-01,2018,11,National,2541398,2710352,32551,2,3.9,1.6
2018-12-01,2018,12,International,9988966,11974639,85345,105,5.74,4.99
2018-12-01,2018,12,National,2678499,2870724,33374,2,3.35,4.22
2019-01-01,2019,1,International,9411724,11182994,83302,102,3.94,3.67
2019-01-01,2019,1,National,2501114,2674776,32725,2,2.03,-0.02
2019-02-01,2019,2,International,9130918,10843327,78672,99,6.23,4.42
2019-02-01,2019,2,National,2339916,2500870,29778,2,5.77,1.82
2019-03-01,2019,3,International,10953415,13007273,91957,104,5.31,3.17
2019-03-01,2019,3,National,2741500,2930046,33975,2,6.22,0.76
2019-04-01,2019,4,International,12791628,14590438,102265,106,8.87,7.16
2019-04-01,2019,4,National,2999262,3179829,35959,2,10.15,9.18
2019-05-01,2019,5,International,12729948,14674774,107750,103,3.57,3.42
2019-05-01,2019,5,National,2879855,3048490,36205,2,2.33,1.47
2019-06-01,2019,6,International,13793600,15628251,111147,106,8.5,5.2
2019-06-01,2019,6,National,3177067,3341707,38781,2,3.83,-0.22
2019-07-01,2019,7,International,15090965,17006784,119657,108,3.96,3.42
2019-07-01,2019,7,National,3296672,3477696,39882,2,0.43,-1.11
2019-08-01,2019,8,International,15335415,17063180,117321,110,4.3,3.2
2019-08-01,2019,8,National,3088714,3242323,36118,2,0.84,-2.59
2019-09-01,2019,9,International,13393520,15209574,107973,106,2.63,0.99
2019-09-01,2019,9,National,2865887,3031002,36224,2,-0.87,-2.41
2019-10-01,2019,10,International,12724696,14662710,101485,107,2.04,-0.12
2019-10-01,2019,10,National,2941375,3126707,35572,2,-1.14,-1.93
2019-11-01,2019,11,International,9849959,11542099,82337,104,3.22,-0.38
2019-11-01,2019,11,National,2581314,2746736,31685,2,1.57,-2.66
2019-12-01,2019,12,International,10226653,12110434,85333,106,2.38,-0.01
2019-12-01,2019,12,National,2669894,2853803,32223,2,-0.32,-3.45
2020-01-01,2020,1,International,9723388,11799063,84026,106,3.31,0.87
2020-01-01,2020,1,National,2594622,2783236,33170,2,3.74,1.36
2020-02-01,2020,2,International,9417471,11345359,80867,104,3.14,2.79
2020-02-01,2020,2,National,2386800,2577088,30406,2,2.0,2.11
2020-03-01,2020,3,International,4484272,6098225,51420,92,-59.06,-44.08
2020-03-01,2020,3,National,1256680,1394721,20231,2,-54.16,-40.45
2020-04-01,2020,4,International,110322,1006177,6088,29,-99.14,-94.05
2020-04-01,2020,4,National,35993,85914,2115,2,-98.8,-94.12
2020-05-01,2020,5,International,154372,1453155,8062,39,-98.79,-92.52
2020-05-01,2020,5,National,97414,152506,3824,2,-96.62,-89.44
2020-06-01,2020,6,International,486906,1901035,13676,46,-96.47,-87.7
2020-06-01,2020,6,National,486848,602566,10668,2,-84.68,-72.49
2020-07-01,2020,7,International,2688517,4094048,39492,66,-82.18,-67.0
2020-07-01,2020,7,National,1640561,1778980,22214,2,-50.24,-44.3
2020-08-01,2020,8,International,4021040,5420048,52019,71,-73.78,-55.66
2020-08-01,2020,8,National,2139935,2273166,26457,2,-30.72,-26.75
2020-09-01,2020,9,International,2447252,3913590,39456,63,-81.73,-63.46
2020-09-01,2020,9,National,1656393,1808263,24605,2,-42.2,-32.08
2020-10-01,2020,10,International,2196104,3719739,34372,69,-82.74,-66.13
2020-10-01,2020,10,National,1532384,1693276,22786,2,-47.9,-35.94
2020-11-01,2020,11,International,985317,2495720,22841,62,-90.0,-72.26
2020-11-01,2020,11,National,514841,667151,12788,2,-80.06,-59.64
2020-12-01,2020,12,International,1870331,3507741,29862,78,-81.71,-65.01
2020-12-01,2020,12,National,1239302,1439120,18887,2,-53.58,-41.39
2021-01-01,2021,1,International,1755979,3317652,28325,75,-81.94,-66.29
2021-01-01,2021,1,National,1249732,1411570,19283,2,-51.83,-41.87
2021-02-01,2021,2,International,995528,2574929,20658,70,-89.43,-74.45
2021-02-01,2021,2,National,840960,998947,16311,2,-64.77,-46.36
2021-03-01,2021,3,International,1148462,2967461,23079,74,-74.39,-55.12
2021-03-01,2021,3,National,743049,916134,16274,2,-40.87,-19.56
2021-04-01,2021,4,International,1222128,3004607,24924,75,1007.78,309.4
2021-04-01,2021,4,National,698318,854301,16627,2,1840.15,686.15
2021-05-01,2021,5,International,1802909,3553606,31297,76,1067.9,288.2
2021-05-01,2021,5,National,1215272,1349798,20891,2,1147.53,446.31
2021-06-01,2021,6,International,3132141,4930225,44428,88,543.27,224.86
2021-06-01,2021,6,National,1780546,1940376,25757,2,265.73,141.44
2021-07-01,2021,7,International,6470703,8214150,73904,98,140.68,87.14
2021-07-01,2021,7,National,2655790,2805273,32391,2,61.88,45.81
2021-08-01,2021,8,International,7958372,9772406,78829,93,97.92,51.54
2021-08-01,2021,8,National,2637515,2788849,31032,2,23.25,17.29
2021-09-01,2021,9,International,6368557,8185594,68234,96,160.23,72.94
2021-09-01,2021,9,National,2065754,2214284,26275,2,24.71,6.79
2021-10-01,2021,10,International,6871534,8893822,68268,95,212.9,98.62
2021-10-01,2021,10,National,2193822,2359093,26094,2,43.16,14.52
2021-11-01,2021,11,International,6179920,8167417,64272,98,527.2,181.39
2021-11-01,2021,11,National,2022520,2184272,23748,2,292.84,85.71
2021-12-01,2021,12,International,5845734,7909949,65586,102,212.55,119.63
2021-12-01,2021,12,National,2229119,2425503,26977,2,79.87,42.83
2022-01-01,2022,1,International,4334003,5525621,54582,94,146.81,92.7
2022-01-01,2022,1,National,1653979,1771786,23376,2,32.35,21.23
2022-02-01,2022,2,International,5526462,6872459,57491,88,455.13,178.3
2022-02-01,2022,2,National,1760439,1878947,23321,2,109.34,42.98
2022-03-01,2022,3,International,7381634,9101967,73136,94,542.74,216.89
2022-03-01,2022,3,National,2100651,2245304,27817,2,182.71,70.93
2022-04-01,2022,4,International,9402835,10844744,84483,96,669.38,238.96
2022-04-01,2022,4,National,2450502,2588704,28192,2,250.91,69.56
2022-05-01,2022,5,International,10786689,12585368,96518,102,498.29,208.39
2022-05-01,2022,5,National,2630094,2761186,30398,2,116.42,45.51
2022-06-01,2022,6,International,11286396,13057076,97460,101,260.34,119.37
2022-06-01,2022,6,National,2708514,2837826,32124,2,52.12,24.72
2022-07-01,2022,7,International,12917441,14689651,108005,101,99.63,46.14
2022-07-01,2022,7,National,2961681,3080856,34114,2,11.52,5.32
2022-08-01,2022,8,International,13229204,15036735,105241,102,66.23,33.51
2022-08-01,2022,8,National,2879078,2998142,31340,2,9.16,0.99
2022-09-01,2022,9,International,11428068,13372730,94635,102,79.45,38.69
2022-09-01,2022,9,National,2437099,2558481,28718,2,17.98,9.3
2022-10-01,2022,10,International,11461730,13449350,93114,100,66.8,36.39
2022-10-01,2022,10,National,2548326,2678302,28593,2,16.16,9.58
2022-11-01,2022,11,International,8772319,10746049,76430,100,41.95,18.92
2022-11-01,2022,11,National,2117209,2249041,24903,2,4.68,4.86
2022-12-01,2022,12,International,9653920,11667520,81738,101,65.14,24.63
2022-12-01,2022,12,National,2424645,2589760,27251,2,8.77,1.02
2023-01-01,2023,1,International,8758001,10249098,76473,102,102.08,40.11
2023-01-01,2023,1,National,2054278,2174826,25450,2,24.2,8.87
2023-02-01,2023,2,International,8765277,10261250,74188,101,58.61,29.04
2023-02-01,2023,2,National,2002312,2119837,24565,2,13.74,5.33
2023-03-01,2023,3,International,9852105,11617080,82595,101,33.47,12.93
2023-03-01,2023,3,National,2008291,2149369,25158,2,-4.4,-9.56
2023-04-01,2023,4,International,11677121,13236092,94183,97,24.19,11.48
2023-04-01,2023,4,National,2430339,2559256,27331,2,-0.82,-3.05
2023-05-01,2023,5,International,12904316,14523326,104629,99,19.63,8.4
2023-05-01,2023,5,National,2583970,2697509,29869,2,-1.75,-1.74
2023-06-01,2023,6,International,13037544,14705448,106027,99,15.52,8.79
2023-06-01,2023,6,National,2630157,2759495,31766,2,-2.89,-1.11
2023-07-01,2023,7,International,14718803,16356262,115313,101,13.95,6.77
2023-07-01,2023,7,National,2807287,2922711,32297,2,-5.21,-5.33
2023-08-01,2023,8,International,14883838,16543958,112364,100,12.51,6.77
2023-08-01,2023,8,National,2738921,2854311,30649,2,-4.87,-2.2
2023-09-01,2023,9,International,13267761,15007250,105062,99,16.1,11.02
2023-09-01,2023,9,National,2478591,2600312,29103,2,1.7,1.34
2023-10-01,2023,10,International,12974048,14851977,101891,99,13.19,9.43
2023-10-01,2023,10,National,2477391,2602573,27606,2,-2.78,-3.45
2023-11-01,2023,11,International,9609554,11503125,81389,99,9.54,6.49
2023-11-01,2023,11,National,2059481,2190035,23858,2,-2.73,-4.2
2023-12-01,2023,12,International,10605201,12516258,87540,99,9.85,7.1
2023-12-01,2023,12,National,2292118,2439249,25347,2,-5.47,-6.99
2024-01-01,2024,1,International,9226576,10817383,76683,100,5.35,0.27
2024-01-01,2024,1,National,1967800,2085910,23094,2,-4.21,-9.26
2024-02-01,2024,2,International,9488697,11149037,76737,98,8.25,3.44
2024-02-01,2024,2,National,1907449,2027439,22832,2,-4.74,-7.05
2024-03-01,2024,3,International,10980100,12725730,88898,99,11.45,7.63
2024-03-01,2024,3,National,2147547,2276123,25269,2,6.93,0.44
2024-04-01,2024,4,International,12824423,14503223,99267,103,9.83,5.4
2024-04-01,2024,4,National,2316501,2436488,26106,2,-4.68,-4.48
2024-05-01,2024,5,International,13998633,15724870,111034,104,8.48,6.12
2024-05-01,2024,5,National,2443874,2554085,28192,2,-5.42,-5.61
2024-06-01,2024,6,International,14044091,15776411,111173,101,7.72,4.85
2024-06-01,2024,6,National,2441731,2561133,30017,2,-7.16,-5.51
2024-07-01,2024,7,International,15280903,17060694,119521,102,3.82,3.65
2024-07-01,2024,7,National,2585248,2709921,30819,2,-7.91,-4.58
2024-08-01,2024,8,International,15883374,17560319,118179,101,6.72,5.18
2024-08-01,2024,8,National,2619028,2725605,28809,2,-4.38,-6.0
2024-09-01,2024,9,International,13940968,15652737,108127,101,5.07,2.92
2024-09-01,2024,9,National,2357580,2469110,27644,2,-4.88,-5.01
2024-10-01,2024,10,International,13576491,15549771,103778,105,4.64,1.85
2024-10-01,2024,10,National,2365998,2490009,27102,2,-4.5,-1.83
2024-11-01,2024,11,International,10107338,11974240,80814,99,5.18,-0.71
2024-11-01,2024,11,National,1986887,2105088,22733,2,-3.52,-4.72
2024-12-01,2024,12,International,11259376,13128673,89638,101,6.17,2.4
2024-12-01,2024,12,National,2219274,2357667,24408,2,-3.18,-3.7
